id,number,score
84751.0,0.9826427151505353,
84751.0,0.9826427151505353,
5.0,84751.0,0.9826427151505353
